line_number,covered
5209,True
3927,True
5316,True
4789,True
4788,True
4307,True
4785,True
4784,True
4783,True
4782,True
4780,True
3557,True
3556,True
1948,True
4149,True
1942,True
1943,True
1940,True
1941,True
1946,True
1947,True
1944,True
4142,True
1263,True
1262,True
4779,True
814,True
815,True
817,True
5951,True
1799,True
1798,True
2174,True
5950,True
5747,True
715,True
714,True
713,True
712,True
1795,True
710,True
5460,True
5463,True
5181,True
6154,True
1265,True
5955,True
3491,True
4078,True
1069,True
1068,True
6319,True
5963,True
3494,True
6041,True
4478,True
1061,True
5977,True
1063,True
1062,True
1065,True
4572,True
1066,True
5855,True
5856,True
5857,True
5850,True
5852,True
299,True
5521,True
6118,True
5859,True
3771,True
3770,True
4576,True
3774,True
4577,True
270,True
3141,True
6387,True
3143,True
3144,True
4688,True
3146,True
3147,True
3148,True
3149,True
3670,True
6389,True
3675,True
3386,True
3387,True
5633,True
3029,True
3028,True
3026,True
2549,True
3024,True
3023,True
3022,True
3388,True
3020,True
1408,True
1403,True
1402,True
1401,True
5487,True
4508,True
1405,True
1404,True
1234,True
2443,True
1236,True
2441,True
2446,True
2447,True
2444,True
1233,True
2762,True
2448,True
2767,True
2766,True
5888,True
4309,True
4358,True
4359,True
4355,True
3884,True
4350,True
4351,True
4352,True
2520,True
3153,True
2044,True
2045,True
2042,True
5389,True
2041,True
4818,True
1847,True
4114,True
2049,True
4308,True
4677,True
3150,True
2169,True
2168,True
647,True
646,True
436,True
3157,True
2166,True
4956,True
2163,True
2162,True
4674,True
4110,True
2610,True
4141,True
4540,True
4293,True
5003,True
3803,True
4140,True
4101,True
4100,True
4083,True
4105,True
3299,True
5139,True
4106,True
1906,True
5136,True
3296,True
3297,True
1902,True
4543,True
5131,True
1901,True
3513,True
3512,True
3639,True
6116,True
3515,True
3493,True
2868,True
2249,True
5763,True
3635,True
3867,True
5957,True
4627,True
4776,True
4777,True
5752,True
973,True
1467,True
3394,True
1991,True
1990,True
1993,True
1466,True
4079,True
1994,True
1997,True
5956,True
4075,True
4070,True
4073,True
5818,True
6264,True
3398,True
5810,True
5811,True
5813,True
5814,True
5815,True
5816,True
559,True
3638,True
2867,True
555,True
556,True
550,True
553,True
552,True
3063,True
3061,True
3060,True
3469,True
3065,True
3064,True
3069,True
3068,True
1312,True
5458,True
5459,True
5355,True
5354,True
5353,True
1055,True
1056,True
5350,True
1058,True
1059,True
1310,True
3346,True
5455,True
3344,True
5358,True
1697,True
1692,True
1693,True
1691,False
5549,True
5005,True
4311,True
618,True
619,True
6145,True
5704,True
1797,True
4252,True
617,True
614,True
615,True
4505,True
4504,True
3708,True
3709,True
4501,True
5140,True
4503,True
1888,True
1885,True
1794,True
1883,True
1882,True
2340,True
6108,True
4683,True
2125,True
2124,True
2127,True
4919,True
4664,True
2128,True
4667,True
6152,True
6260,True
1472,False
1473,False
1470,True
6038,True
1476,True
3343,True
685,True
6032,True
687,True
686,True
681,True
6036,True
6035,True
682,False
1304,True
5172,True
1306,True
1307,True
1300,True
1301,True
5175,True
1303,True
5454,True
5179,True
5178,True
5945,True
2455,True
5743,True
4228,True
499,True
5746,True
4236,True
6142,True
5749,True
4227,True
5759,True
2882,True
2741,True
5758,True
2740,True
4363,False
407,True
406,True
2404,True
2405,True
2402,True
2403,True
6141,True
2401,True
4749,True
2883,True
409,True
6227,True
2456,True
3830,True
5385,True
5387,True
5388,True
4185,True
4184,True
5592,True
1951,True
4187,True
4037,True
5992,True
3152,True
3562,True
3563,True
3560,True
3561,True
3567,True
3564,True
3568,True
4134,True
4137,True
379,True
4485,True
4487,True
4480,True
4481,True
4483,True
2881,True
4488,True
5060,True
4739,True
708,True
709,True
4502,True
704,False
6153,True
702,False
703,False
6143,True
4347,True
1481,True
6146,True
3308,True
2886,True
3307,True
3304,True
3305,True
5490,True
4063,True
3300,True
3301,True
4044,True
4045,True
5250,True
4040,True
5313,True
5311,True
5310,True
4048,True
4049,True
5315,True
5314,True
5968,True
5527,True
4399,True
4250,True
1653,True
5962,True
1651,True
5849,True
5967,True
1986,True
584,True
2050,True
1133,True
1132,True
5853,True
3669,True
3431,True
1135,True
3741,True
245,True
244,True
3151,True
246,True
241,True
3156,True
3155,True
242,True
4628,True
1634,True
3159,True
3158,True
249,True
4544,True
4539,True
3391,True
3030,True
5142,True
3019,True
3212,True
1430,True
3396,True
3012,True
3013,True
3010,True
3011,True
3016,True
3017,True
3014,True
6256,True
4743,True
4506,True
6255,True
1730,True
511,True
510,True
514,True
3031,True
621,True
4069,True
2459,True
2458,True
6414,True
1340,True
1341,True
2457,True
1343,True
2451,True
2450,True
2453,True
2452,True
4434,True
4437,True
4436,True
5666,True
4433,True
5664,True
177,True
176,True
4438,True
977,True
976,True
2880,True
974,True
2055,True
2054,True
2885,True
2059,True
2058,True
2888,True
2889,True
979,True
4401,True
656,False
654,False
4064,True
652,True
653,False
650,True
651,True
6087,True
1508,True
1509,True
659,True
3878,True
3879,True
6148,True
6044,True
3870,True
3871,True
3872,True
3873,True
3874,True
3875,True
3876,True
3877,True
5890,True
4065,True
5894,True
5895,True
5896,True
4916,True
4668,True
3140,True
3449,True
4918,True
3883,True
4747,True
3445,True
3444,True
3447,True
5952,True
3441,True
3443,True
3442,True
2757,True
6386,True
2752,False
2753,False
2751,True
5279,True
4915,True
5766,True
4665,True
3672,True
5215,True
5212,True
5210,True
3673,True
3606,True
3236,True
5744,True
6039,True
5809,True
326,True
325,True
3979,True
3978,True
5352,True
4786,True
5806,True
5805,True
201,True
2872,True
2871,True
2870,True
2877,True
2876,True
2875,True
2874,True
2879,True
2878,True
4129,True
6033,True
3058,True
5092,True
2972,True
3057,True
3054,True
3055,True
3052,True
3053,True
3050,True
3051,True
2330,True
2331,True
6138,True
2333,True
2334,True
3380,True
2336,True
2337,True
2338,True
3381,True
5953,True
6137,True
1680,True
1683,True
1682,True
1685,True
1684,True
1687,False
1686,True
1762,True
1763,True
4288,True
3490,True
1765,True
4303,True
5173,True
4301,True
4300,True
3711,True
4306,True
4304,True
667,False
666,False
665,False
664,False
663,False
662,False
661,False
660,False
2095,True
2094,True
2097,True
4573,False
2091,True
4575,True
4132,True
2092,True
4579,True
2098,True
4477,True
5176,True
1546,True
1547,True
1544,True
1545,True
1543,True
1540,True
1541,True
3122,True
4676,True
698,False
699,False
4673,True
4672,True
1548,True
1549,True
5095,True
1469,True
1468,True
544,True
545,True
1465,True
1464,True
548,True
549,True
1460,True
1463,True
1462,True
5138,True
1315,True
991,True
990,True
1311,True
992,True
4880,True
4881,True
5887,True
4883,True
4346,True
4885,True
2703,True
5141,False
3401,True
3400,True
5750,True
3404,True
4239,True
4238,True
4237,True
3881,True
4235,True
4234,True
4233,True
4231,True
4230,True
4875,True
6125,True
4876,True
4404,True
5613,True
3378,True
4879,True
1820,True
4402,True
5425,True
6259,True
6258,True
410,True
4979,True
2061,True
2062,True
4977,True
2065,True
5147,True
6120,True
5393,True
2442,True
5390,True
5002,True
6110,True
4926,True
2769,True
6111,True
5975,True
6086,True
2768,True
6112,True
4287,True
6113,True
3474,True
3475,True
3476,True
4128,True
3471,True
3472,True
4123,True
4121,True
2445,True
3570,True
4125,True
4124,True
4497,True
4496,True
4495,True
4494,True
4492,True
4491,True
5982,True
4499,True
6212,True
3636,True
5093,True
3424,True
2932,True
6107,True
5570,True
5133,True
5319,True
3311,True
5486,True
3312,True
3315,True
1987,True
1644,False
5753,True
1641,True
1640,True
1643,False
1642,True
1726,True
1727,True
5247,True
5246,True
5241,True
789,True
5242,True
5978,True
5973,True
5972,True
4630,True
5177,True
5976,True
2461,True
5974,True
4365,True
6416,True
5489,True
2293,True
5278,True
2291,True
2290,True
2297,True
2295,True
2294,True
3005,True
3004,True
4631,True
3006,True
3001,True
3003,True
3002,True
3167,True
5244,True
3165,True
3009,True
3008,True
3161,True
1421,True
1371,True
5430,True
1422,True
1425,True
1424,True
1427,True
1426,True
2208,True
3559,True
5986,True
5130,True
733,True
732,True
735,True
734,True
737,True
736,True
2367,True
507,True
504,True
505,True
502,True
503,True
500,True
5028,True
469,True
5938,True
2437,True
467,True
466,True
5025,True
4368,True
4440,True
4441,True
4442,True
1848,True
4362,False
4240,True
5981,True
5659,True
4448,True
165,True
4241,True
4052,True
4686,True
4687,True
4685,True
4682,True
4053,True
4680,True
4681,True
2895,True
4242,True
1729,True
6293,True
2890,True
2893,True
2892,True
5245,True
5523,True
2408,True
6159,True
1101,True
5524,True
2100,True
1511,True
1459,True
2735,True
4082,True
3868,True
2730,True
2733,True
3863,True
3862,True
5211,True
2738,True
3866,True
3865,True
3533,True
5058,True
3534,True
3536,True
5054,True
5384,True
5057,True
5756,True
5053,True
3438,True
1815,True
4742,True
1810,False
1811,False
879,True
876,True
877,True
3432,True
3767,True
6411,True
3436,True
3437,True
2037,True
2036,True
2743,True
2742,True
2745,True
2744,True
2747,True
3769,True
2749,True
2748,True
6228,True
4847,True
5755,True
6341,True
3094,True
4922,True
3485,True
3397,True
5280,True
5143,True
2165,True
4798,True
4799,True
5207,True
4953,True
4794,True
4795,True
4797,True
5891,True
4792,True
4793,True
4153,True
4150,True
4151,True
4154,True
4155,True
1600,True
4158,True
4924,True
4884,True
4954,True
351,True
5942,True
5990,True
4928,True
2849,True
4366,True
764,True
3049,True
6126,True
6121,True
5943,True
6122,True
3041,True
3040,True
3043,True
3045,True
3044,True
3047,True
5275,True
5276,True
6415,True
4671,True
4632,True
1073,True
1070,True
5902,True
5900,True
1679,True
3489,True
2998,True
3764,True
3765,True
2999,True
3481,True
3480,True
3482,True
1098,True
1099,True
3487,False
3486,True
5519,True
5518,True
3706,True
5802,True
5801,True
3641,True
6417,True
1551,True
1550,True
1552,False
3038,True
1554,False
1557,False
1556,False
3034,False
3035,False
2492,True
2994,True
2995,True
3032,True
2997,True
4102,True
2259,True
2257,True
2256,True
2255,True
5206,True
2253,True
2252,True
2398,True
2250,True
2779,True
988,True
3037,True
3168,True
4637,True
982,True
983,True
980,True
4634,True
987,True
985,True
4081,True
5137,True
4090,True
3430,True
5768,True
5660,True
4097,True
3033,True
5762,True
5135,True
5760,True
4800,True
2784,True
4802,True
2780,True
4445,False
6261,True
1850,True
3162,True
3163,True
2172,True
5145,True
2171,True
918,True
1399,True
1398,True
915,True
916,True
4670,True
4635,True
4104,True
4740,True
4116,True
4117,True
3263,True
3262,True
4112,True
1936,True
1935,True
3266,True
4138,True
1939,True
1938,True
4119,True
847,True
846,True
5089,True
5088,True
6420,True
4298,True
4295,True
4294,True
4297,True
2207,True
4291,True
4290,True
849,True
3468,True
2670,True
5665,True
6412,True
4484,True
2399,True
6119,True
6233,True
5944,True
1630,True
1631,True
4060,True
1633,True
1982,True
1635,True
1636,True
1981,True
1638,True
1639,True
1733,True
1732,True
1735,True
4746,True
4744,True
2770,True
4976,True
2772,True
3603,True
4714,True
3601,True
3600,True
508,True
2813,True
3604,True
5941,True
5899,True
2775,True
3071,True
1597,True
3428,True
738,True
4602,True
1598,True
220,True
2213,True
2211,True
2210,True
2217,True
1020,True
2215,True
2214,True
3377,True
5424,True
5427,True
5426,True
5421,True
5349,True
4353,False
5422,True
726,False
727,False
724,True
725,True
722,True
723,True
721,True
6030,True
728,True
6340,True
1164,True
2439,True
2438,True
4361,True
1161,True
1162,True
4249,True
4246,True
3309,True
1201,True
4243,True
2435,True
2434,True
5491,True
5522,True
5495,True
1898,True
5457,True
3739,True
3738,True
1894,True
2583,True
1896,True
1897,True
1890,True
1891,True
1892,True
1893,True
4923,True
4690,True
4921,True
5765,True
4927,True
2133,True
2130,True
2131,True
4512,True
4510,True
4511,True
955,True
4514,True
4878,True
6187,True
6029,True
1298,True
6337,True
5492,True
1561,True
1297,True
1566,True
2727,True
4091,True
2724,True
2723,True
4094,True
5281,True
2641,True
5284,True
2729,True
1689,False
1688,False
5026,True
4398,True
1806,False
1805,True
1804,True
1803,True
1802,True
1801,True
1800,True
5634,True
6338,True
5636,True
3427,True
3425,True
1808,False
6334,True
6335,True
470,True
4443,True
5939,True
3705,True
3190,True
4444,False
3768,True
6231,True
6230,True
1368,True
1369,True
