line_number,covered
216,False
248,False
215,True
155,True
71,True
157,True
156,True
335,False
334,False
134,True
176,False
316,False
218,True
133,True
132,True
131,True
89,True
137,True
136,True
66,True
67,True
177,False
69,True
250,False
138,False
166,True
232,False
336,False
318,False
234,True
95,True
231,True
341,False
331,False
283,False
285,False
284,False
201,True
145,True
142,True
339,False
300,False
317,False
302,False
303,False
305,False
306,False
330,False
99,True
247,False
260,False
315,False
129,True
70,True
128,True
103,True
100,False
92,False
102,True
94,True
104,True
96,False
91,True
338,False
271,False
135,True
88,True
333,False
299,False
